﻿<?xml version="1.0"?>
  <!DOCTYPE Report
[
<!ELEMENT Report (General ,(Doc|BPT)) >
<!ATTLIST Report ver CDATA #REQUIRED tmZone CDATA #REQUIRED>

<!ELEMENT General ( DocLocation ) >
<!ATTLIST General productName CDATA #REQUIRED productVer CDATA #REQUIRED os CDATA #REQUIRED host CDATA #REQUIRED>

<!ELEMENT BPT (DName,Res,DVer?,TSet?,TInst?,NodeArgs,Doc*) >
<!ATTLIST BPT rID ID #REQUIRED >

<!ELEMENT Doc (DName, Res, DVer?, TSet?, TInst?, RunType?, DT?, Step*, Action+, DIter*, Action*, Summary?, NodeArgs?)> 
<!ATTLIST Doc rID ID #REQUIRED type (Test|BC) "Test" productName CDATA #REQUIRED BCIter CDATA #IMPLIED >

<!ELEMENT RunType ( #PCDATA )>
<!ATTLIST RunType fmStep (False|True) "False" batch (False|True) "False" upDesc (False|True) "False" upChk (False|True) "False" upAS (False|True) "False">

<!ELEMENT DName ( #PCDATA ) >

<!ELEMENT Res ( #PCDATA ) >

<!ELEMENT DVer ( #PCDATA ) >

<!ELEMENT TSet ( #PCDATA ) >

<!ELEMENT TInst ( #PCDATA ) >

<!ELEMENT DIter (Step?,Action+,Summary?,NodeArgs)>
<!ATTLIST DIter rID ID #REQUIRED iterID CDATA #REQUIRED>

<!ELEMENT DocLocation ( #PCDATA )>

<!ELEMENT Action (AName,AIter*,(Step|HtmlStep|Action)*,Summary,NodeArgs) >
<!ATTLIST Action rID ID #REQUIRED>

<!ELEMENT AIter ((Step|HtmlStep|Action)*,Summary?,NodeArgs) >
<!ATTLIST AIter rID ID #REQUIRED iterID CDATA #REQUIRED>

<!ELEMENT AName ( #PCDATA ) >

<!ELEMENT Step (Obj,Details,Time,(Step|HtmlStep|Doc)*,NodeArgs) >
<!ATTLIST Step rID ID #REQUIRED retval CDATA #IMPLIED>

<!ELEMENT HtmlStep (HTML,(Step|HtmlStep|Doc)*,NodeArgs) >
<!ATTLIST HtmlStep rID ID #REQUIRED >

<!ELEMENT Obj ( #PCDATA ) >
<!ATTLIST Obj plainTxt (False|True) "True">

<!ELEMENT Details ( #PCDATA ) >
<!ATTLIST Details plainTxt (False|True) "True">

<!ELEMENT Time ( #PCDATA ) >

<!ELEMENT HTML ( #PCDATA ) >

<!ELEMENT Disp ( #PCDATA ) >

<!ELEMENT NodeArgs (Disp,TopPane?,BtmPane?)>
<!ATTLIST NodeArgs eType CDATA #REQUIRED icon CDATA #REQUIRED nRep CDATA #REQUIRED filter (False|True) "True">
<!ATTLIST NodeArgs status (Passed|Failed|Done|Warning|Information) "Done">
<!ATTLIST NodeArgs iconSel CDATA #IMPLIED nType CDATA #IMPLIED >

<!ELEMENT TopPane (Path)>

<!ELEMENT BtmPane ( (Path|WR)?,ASHilite?)>
<!ATTLIST BtmPane vType CDATA "HTML">

<!ELEMENT Path ( #PCDATA ) >

<!ELEMENT ASHilite ( #PCDATA ) >

<!ELEMENT WR ( #PCDATA ) >

<!ELEMENT DT (NodeArgs) >
<!ATTLIST DT rID ID #REQUIRED>

<!ELEMENT Summary (Param*)>
<!ATTLIST Summary sTime CDATA #IMPLIED eTime CDATA #IMPLIED passed CDATA #IMPLIED failed CDATA #IMPLIED warnings CDATA #IMPLIED retval CDATA #IMPLIED stopped (False|True) "False" >

<!ELEMENT Param (ParamName,ParamVal)+ >
<!ATTLIST Param paramInOut (In|Out) "In">

<!ELEMENT ParamName ( #PCDATA ) >

<!ELEMENT ParamVal ( #PCDATA ) >

]
> <Report ver="2.0" tmZone="中国标准时间">
<General productName="Vugen" productVer="11" os="" host="CESHI-PC"><DocLocation><![CDATA[C:\Users\Administrator\Desktop\1028order]]></DocLocation></General>
<Doc rID="T1"   productName= "Vugen"  >
<DName><![CDATA[1028order]]></DName>
<Res><![CDATA[result1]]></Res>
<Action rID="T2">
<AName><![CDATA[vuser_init]]></AName>
<Summary sTime="2018/10/28 - 11:25:00" eTime="2018/10/28 - 11:25:00" passed="0" failed="0" warnings="0" ></Summary>
<NodeArgs eType="StartAction" icon="2" nRep="5" >
<Disp><![CDATA[vuser_init Summary]]></Disp>
</NodeArgs>
</Action>
<DIter rID="T3" iterID="1" >
<Action rID="T4">
<AName><![CDATA[Action]]></AName>
<Step rID="T5">
<Obj plainTxt="False" ><![CDATA[Url: javamall]]></Obj>
<Details plainTxt="False" ><![CDATA[<CENTER><STRONG><FONT COLOR=#009A63>Step completed successfully</FONT></STRONG></CENTER>]]></Details>
<Time><![CDATA[2018/10/28 - 11:25:07]]></Time>
<NodeArgs eType="General" icon="4" nRep="9" status="Passed" >
<Disp><![CDATA[Url: javamall]]></Disp>
<BtmPane vType="HTMLSNSH">
<Path><![CDATA[\Iteration1\t1.inf]]></Path>
</BtmPane>
</NodeArgs>
</Step>
<Step rID="T6">
<Obj plainTxt="False" ><![CDATA[Url: cart!getCartData.do]]></Obj>
<Details plainTxt="False" ><![CDATA[<CENTER><STRONG><FONT COLOR=#009A63>Step completed successfully</FONT></STRONG></CENTER>]]></Details>
<Time><![CDATA[2018/10/28 - 11:25:07]]></Time>
<NodeArgs eType="General" icon="4" nRep="10" status="Passed" >
<Disp><![CDATA[Url: cart!getCartData.do]]></Disp>
<BtmPane vType="HTMLSNSH">
<Path><![CDATA[\Iteration1\t2.inf]]></Path>
</BtmPane>
</NodeArgs>
</Step>
<Step rID="T7">
<Obj plainTxt="False" ><![CDATA[Url: javamall_2]]></Obj>
<Details plainTxt="False" ><![CDATA[<CENTER><STRONG><FONT COLOR=#009A63>Step completed successfully</FONT></STRONG></CENTER>]]></Details>
<Time><![CDATA[2018/10/28 - 11:25:08]]></Time>
<NodeArgs eType="General" icon="4" nRep="11" status="Passed" >
<Disp><![CDATA[Url: javamall_2]]></Disp>
<BtmPane vType="HTMLSNSH">
<Path><![CDATA[\Iteration1\t3.inf]]></Path>
</BtmPane>
</NodeArgs>
</Step>
<Step rID="T8">
<Obj plainTxt="False" ><![CDATA[Url: cart_bar.html]]></Obj>
<Details plainTxt="False" ><![CDATA[<CENTER><STRONG><FONT COLOR=#009A63>Step completed successfully</FONT></STRONG></CENTER>]]></Details>
<Time><![CDATA[2018/10/28 - 11:25:08]]></Time>
<NodeArgs eType="General" icon="4" nRep="12" status="Passed" >
<Disp><![CDATA[Url: cart_bar.html]]></Disp>
<BtmPane vType="HTMLSNSH">
<Path><![CDATA[\Iteration1\t4.inf]]></Path>
</BtmPane>
</NodeArgs>
</Step>
<Step rID="T9">
<Obj plainTxt="False" ><![CDATA[Url: cart_bar.html_2]]></Obj>
<Details plainTxt="False" ><![CDATA[<CENTER><STRONG><FONT COLOR=#009A63>Step completed successfully</FONT></STRONG></CENTER>]]></Details>
<Time><![CDATA[2018/10/28 - 11:25:08]]></Time>
<NodeArgs eType="General" icon="4" nRep="13" status="Passed" >
<Disp><![CDATA[Url: cart_bar.html_2]]></Disp>
<BtmPane vType="HTMLSNSH">
<Path><![CDATA[\Iteration1\t5.inf]]></Path>
</BtmPane>
</NodeArgs>
</Step>
<Step rID="T10">
<Obj plainTxt="False" ><![CDATA[Url: login.html]]></Obj>
<Details plainTxt="False" ><![CDATA[<CENTER><STRONG><FONT COLOR=#009A63>Step completed successfully</FONT></STRONG></CENTER>]]></Details>
<Time><![CDATA[2018/10/28 - 11:25:11]]></Time>
<NodeArgs eType="General" icon="4" nRep="14" status="Passed" >
<Disp><![CDATA[Url: login.html]]></Disp>
<BtmPane vType="HTMLSNSH">
<Path><![CDATA[\Iteration1\t6.inf]]></Path>
</BtmPane>
</NodeArgs>
</Step>
<Step rID="T11">
<Obj plainTxt="False" ><![CDATA[Url: cart!getCartData.do_2]]></Obj>
<Details plainTxt="False" ><![CDATA[<CENTER><STRONG><FONT COLOR=#009A63>Step completed successfully</FONT></STRONG></CENTER>]]></Details>
<Time><![CDATA[2018/10/28 - 11:25:11]]></Time>
<NodeArgs eType="General" icon="4" nRep="15" status="Passed" >
<Disp><![CDATA[Url: cart!getCartData.do_2]]></Disp>
<BtmPane vType="HTMLSNSH">
<Path><![CDATA[\Iteration1\t7.inf]]></Path>
</BtmPane>
</NodeArgs>
</Step>
<Step rID="T12">
<Obj plainTxt="False" ><![CDATA[Url: javamall_3]]></Obj>
<Details plainTxt="False" ><![CDATA[<CENTER><STRONG><FONT COLOR=#009A63>Step completed successfully</FONT></STRONG></CENTER>]]></Details>
<Time><![CDATA[2018/10/28 - 11:25:12]]></Time>
<NodeArgs eType="General" icon="4" nRep="16" status="Passed" >
<Disp><![CDATA[Url: javamall_3]]></Disp>
<BtmPane vType="HTMLSNSH">
<Path><![CDATA[\Iteration1\t8.inf]]></Path>
</BtmPane>
</NodeArgs>
</Step>
<Step rID="T13">
<Obj plainTxt="False" ><![CDATA[Submit Data: member!login.do]]></Obj>
<Details plainTxt="False" ><![CDATA[<CENTER><STRONG><FONT COLOR=#009A63>Step completed successfully</FONT></STRONG></CENTER>]]></Details>
<Time><![CDATA[2018/10/28 - 11:25:12]]></Time>
<NodeArgs eType="General" icon="5" nRep="17" status="Passed" >
<Disp><![CDATA[Submit Data: member!login.do]]></Disp>
<BtmPane vType="HTMLSNSH">
<Path><![CDATA[\Iteration1\t9.inf]]></Path>
</BtmPane>
</NodeArgs>
</Step>
<Step rID="T14">
<Obj plainTxt="False" ><![CDATA[Url: member.html]]></Obj>
<Details plainTxt="False" ><![CDATA[<CENTER><STRONG><FONT COLOR=#009A63>Step completed successfully</FONT></STRONG></CENTER>]]></Details>
<Time><![CDATA[2018/10/28 - 11:25:13]]></Time>
<NodeArgs eType="General" icon="4" nRep="18" status="Passed" >
<Disp><![CDATA[Url: member.html]]></Disp>
<BtmPane vType="HTMLSNSH">
<Path><![CDATA[\Iteration1\t10.inf]]></Path>
</BtmPane>
</NodeArgs>
</Step>
<Step rID="T15">
<Obj plainTxt="False" ><![CDATA[Url: cart!getCartData.do_3]]></Obj>
<Details plainTxt="False" ><![CDATA[<CENTER><STRONG><FONT COLOR=#009A63>Step completed successfully</FONT></STRONG></CENTER>]]></Details>
<Time><![CDATA[2018/10/28 - 11:25:13]]></Time>
<NodeArgs eType="General" icon="4" nRep="19" status="Passed" >
<Disp><![CDATA[Url: cart!getCartData.do_3]]></Disp>
<BtmPane vType="HTMLSNSH">
<Path><![CDATA[\Iteration1\t11.inf]]></Path>
</BtmPane>
</NodeArgs>
</Step>
<Step rID="T16">
<Obj plainTxt="False" ><![CDATA[Url: cart_bar.html_3]]></Obj>
<Details plainTxt="False" ><![CDATA[<CENTER><STRONG><FONT COLOR=#009A63>Step completed successfully</FONT></STRONG></CENTER>]]></Details>
<Time><![CDATA[2018/10/28 - 11:25:14]]></Time>
<NodeArgs eType="General" icon="4" nRep="20" status="Passed" >
<Disp><![CDATA[Url: cart_bar.html_3]]></Disp>
<BtmPane vType="HTMLSNSH">
<Path><![CDATA[\Iteration1\t12.inf]]></Path>
</BtmPane>
</NodeArgs>
</Step>
<Step rID="T17">
<Obj plainTxt="False" ><![CDATA[Url: goods-131.html]]></Obj>
<Details plainTxt="False" ><![CDATA[<CENTER><STRONG><FONT COLOR=#009A63>Step completed successfully</FONT></STRONG></CENTER>]]></Details>
<Time><![CDATA[2018/10/28 - 11:25:15]]></Time>
<NodeArgs eType="General" icon="4" nRep="21" status="Passed" >
<Disp><![CDATA[Url: goods-131.html]]></Disp>
<BtmPane vType="HTMLSNSH">
<Path><![CDATA[\Iteration1\t13.inf]]></Path>
</BtmPane>
</NodeArgs>
</Step>
<Step rID="T18">
<Obj plainTxt="False" ><![CDATA[Url: cart!getCartData.do_4]]></Obj>
<Details plainTxt="False" ><![CDATA[<CENTER><STRONG><FONT COLOR=#009A63>Step completed successfully</FONT></STRONG></CENTER>]]></Details>
<Time><![CDATA[2018/10/28 - 11:25:15]]></Time>
<NodeArgs eType="General" icon="4" nRep="22" status="Passed" >
<Disp><![CDATA[Url: cart!getCartData.do_4]]></Disp>
<BtmPane vType="HTMLSNSH">
<Path><![CDATA[\Iteration1\t14.inf]]></Path>
</BtmPane>
</NodeArgs>
</Step>
<Step rID="T19">
<Obj plainTxt="False" ><![CDATA[Url: javamall_4]]></Obj>
<Details plainTxt="False" ><![CDATA[<CENTER><STRONG><FONT COLOR=#009A63>Step completed successfully</FONT></STRONG></CENTER>]]></Details>
<Time><![CDATA[2018/10/28 - 11:25:15]]></Time>
<NodeArgs eType="General" icon="4" nRep="23" status="Passed" >
<Disp><![CDATA[Url: javamall_4]]></Disp>
<BtmPane vType="HTMLSNSH">
<Path><![CDATA[\Iteration1\t15.inf]]></Path>
</BtmPane>
</NodeArgs>
</Step>
<Step rID="T20">
<Obj plainTxt="False" ><![CDATA[Submit Data: cart!addGoods.do]]></Obj>
<Details plainTxt="False" ><![CDATA[<CENTER><STRONG><FONT COLOR=#009A63>Step completed successfully</FONT></STRONG></CENTER>]]></Details>
<Time><![CDATA[2018/10/28 - 11:25:16]]></Time>
<NodeArgs eType="General" icon="5" nRep="24" status="Passed" >
<Disp><![CDATA[Submit Data: cart!addGoods.do]]></Disp>
<BtmPane vType="HTMLSNSH">
<Path><![CDATA[\Iteration1\t16.inf]]></Path>
</BtmPane>
</NodeArgs>
</Step>
<Step rID="T21">
<Obj plainTxt="False" ><![CDATA[Url: cart.html]]></Obj>
<Details plainTxt="False" ><![CDATA[<CENTER><STRONG><FONT COLOR=#009A63>Step completed successfully</FONT></STRONG></CENTER>]]></Details>
<Time><![CDATA[2018/10/28 - 11:25:16]]></Time>
<NodeArgs eType="General" icon="4" nRep="25" status="Passed" >
<Disp><![CDATA[Url: cart.html]]></Disp>
<BtmPane vType="HTMLSNSH">
<Path><![CDATA[\Iteration1\t17.inf]]></Path>
</BtmPane>
</NodeArgs>
</Step>
<Step rID="T22">
<Obj plainTxt="False" ><![CDATA[Url: cart!getCartData.do_5]]></Obj>
<Details plainTxt="False" ><![CDATA[<CENTER><STRONG><FONT COLOR=#009A63>Step completed successfully</FONT></STRONG></CENTER>]]></Details>
<Time><![CDATA[2018/10/28 - 11:25:16]]></Time>
<NodeArgs eType="General" icon="4" nRep="26" status="Passed" >
<Disp><![CDATA[Url: cart!getCartData.do_5]]></Disp>
<BtmPane vType="HTMLSNSH">
<Path><![CDATA[\Iteration1\t18.inf]]></Path>
</BtmPane>
</NodeArgs>
</Step>
<Step rID="T23">
<Obj plainTxt="False" ><![CDATA[Url: javamall_5]]></Obj>
<Details plainTxt="False" ><![CDATA[<CENTER><STRONG><FONT COLOR=#009A63>Step completed successfully</FONT></STRONG></CENTER>]]></Details>
<Time><![CDATA[2018/10/28 - 11:25:16]]></Time>
<NodeArgs eType="General" icon="4" nRep="27" status="Passed" >
<Disp><![CDATA[Url: javamall_5]]></Disp>
<BtmPane vType="HTMLSNSH">
<Path><![CDATA[\Iteration1\t19.inf]]></Path>
</BtmPane>
</NodeArgs>
</Step>
<Step rID="T24">
<Obj plainTxt="False" ><![CDATA[Url: checkout.html]]></Obj>
<Details plainTxt="False" ><![CDATA[<CENTER><STRONG><FONT COLOR=#009A63>Step completed successfully</FONT></STRONG></CENTER>]]></Details>
<Time><![CDATA[2018/10/28 - 11:25:17]]></Time>
<NodeArgs eType="General" icon="4" nRep="28" status="Passed" >
<Disp><![CDATA[Url: checkout.html]]></Disp>
<BtmPane vType="HTMLSNSH">
<Path><![CDATA[\Iteration1\t20.inf]]></Path>
</BtmPane>
</NodeArgs>
</Step>
<Step rID="T25">
<Obj plainTxt="False" ><![CDATA[Url: cart!getCartData.do_6]]></Obj>
<Details plainTxt="False" ><![CDATA[<CENTER><STRONG><FONT COLOR=#009A63>Step completed successfully</FONT></STRONG></CENTER>]]></Details>
<Time><![CDATA[2018/10/28 - 11:25:17]]></Time>
<NodeArgs eType="General" icon="4" nRep="29" status="Passed" >
<Disp><![CDATA[Url: cart!getCartData.do_6]]></Disp>
<BtmPane vType="HTMLSNSH">
<Path><![CDATA[\Iteration1\t21.inf]]></Path>
</BtmPane>
</NodeArgs>
</Step>
<Step rID="T26">
<Obj plainTxt="False" ><![CDATA[Url: javamall_6]]></Obj>
<Details plainTxt="False" ><![CDATA[<CENTER><STRONG><FONT COLOR=#009A63>Step completed successfully</FONT></STRONG></CENTER>]]></Details>
<Time><![CDATA[2018/10/28 - 11:25:17]]></Time>
<NodeArgs eType="General" icon="4" nRep="30" status="Passed" >
<Disp><![CDATA[Url: javamall_6]]></Disp>
<BtmPane vType="HTMLSNSH">
<Path><![CDATA[\Iteration1\t22.inf]]></Path>
</BtmPane>
</NodeArgs>
</Step>
<Step rID="T27">
<Obj plainTxt="False" ><![CDATA[Url: region!getChildren.do]]></Obj>
<Details plainTxt="False" ><![CDATA[<CENTER><STRONG><FONT COLOR=#009A63>Step completed successfully</FONT></STRONG></CENTER>]]></Details>
<Time><![CDATA[2018/10/28 - 11:25:17]]></Time>
<NodeArgs eType="General" icon="4" nRep="31" status="Passed" >
<Disp><![CDATA[Url: region!getChildren.do]]></Disp>
<BtmPane vType="HTMLSNSH">
<Path><![CDATA[\Iteration1\t23.inf]]></Path>
</BtmPane>
</NodeArgs>
</Step>
<Step rID="T28">
<Obj plainTxt="False" ><![CDATA[Url: region!getChildren.do_2]]></Obj>
<Details plainTxt="False" ><![CDATA[<CENTER><STRONG><FONT COLOR=#009A63>Step completed successfully</FONT></STRONG></CENTER>]]></Details>
<Time><![CDATA[2018/10/28 - 11:25:18]]></Time>
<NodeArgs eType="General" icon="4" nRep="32" status="Passed" >
<Disp><![CDATA[Url: region!getChildren.do_2]]></Disp>
<BtmPane vType="HTMLSNSH">
<Path><![CDATA[\Iteration1\t24.inf]]></Path>
</BtmPane>
</NodeArgs>
</Step>
<Step rID="T29">
<Obj plainTxt="False" ><![CDATA[Url: payment_list.html]]></Obj>
<Details plainTxt="False" ><![CDATA[<CENTER><STRONG><FONT COLOR=#009A63>Step completed successfully</FONT></STRONG></CENTER>]]></Details>
<Time><![CDATA[2018/10/28 - 11:25:18]]></Time>
<NodeArgs eType="General" icon="4" nRep="33" status="Passed" >
<Disp><![CDATA[Url: payment_list.html]]></Disp>
<BtmPane vType="HTMLSNSH">
<Path><![CDATA[\Iteration1\t25.inf]]></Path>
</BtmPane>
</NodeArgs>
</Step>
<Step rID="T30">
<Obj plainTxt="False" ><![CDATA[Url: dlytype_list.html]]></Obj>
<Details plainTxt="False" ><![CDATA[<CENTER><STRONG><FONT COLOR=#009A63>Step completed successfully</FONT></STRONG></CENTER>]]></Details>
<Time><![CDATA[2018/10/28 - 11:25:18]]></Time>
<NodeArgs eType="General" icon="4" nRep="34" status="Passed" >
<Disp><![CDATA[Url: dlytype_list.html]]></Disp>
<BtmPane vType="HTMLSNSH">
<Path><![CDATA[\Iteration1\t26.inf]]></Path>
</BtmPane>
</NodeArgs>
</Step>
<Step rID="T31">
<Obj plainTxt="False" ><![CDATA[Url: checkout_total.html]]></Obj>
<Details plainTxt="False" ><![CDATA[<CENTER><STRONG><FONT COLOR=#009A63>Step comple